number_in_list	fold_enrichment	fdr	expected	number_in_reference	pValue	id	label	plus_minus
3	149.2391304347826	0.01658052343665021	0.020101966496722506	46	1.0511299249809947e-06	GO:0006418	tRNA aminoacylation for protein translation	+
3	140.10204081632654	0.009937831700459959	0.021412964311726148	49	1.2600268416964572e-06	GO:0043039	tRNA aminoacylation	+
3	137.3	0.00702119856086137	0.021849963583394028	50	1.3353363561927291e-06	GO:0043038	amino acid activation	+
3	37.92817679558011	0.2231002385947024	0.07909686817188638	181	5.657416979705906e-05	GO:0006399	tRNA metabolic process	+
3	24.60573476702509	0.6324317429310441	0.12192279679533867	279	0.00020046650910708893	GO:0006520	cellular amino acid metabolic process	+
